-- VV CRM Seed Data
-- Run after migration to populate development database

-- ============================================================
-- PROFILES
-- ============================================================
INSERT INTO profiles (id, full_name, role) VALUES
  ('p0000000-0000-0000-0000-000000000001', 'Власник Майстерні', 'owner');

-- ============================================================
-- SUPPLIERS
-- ============================================================
INSERT INTO suppliers (id, name, contact_person, phone, email) VALUES
  ('sup00001-0000-0000-0000-000000000001', 'ABC Distribution Ukraine', 'Іван Петренко', '+380501112233', 'ivan@abc-dist.com.ua'),
  ('sup00002-0000-0000-0000-000000000002', 'TechParts Kyiv', 'Олена Савченко', '+380672233445', 'olena@techparts.kyiv.ua');

-- ============================================================
-- CUSTOMERS
-- ============================================================
INSERT INTO customers (id, name, phone, email, total_visits, total_spent) VALUES
  ('cus00001-0000-0000-0000-000000000001', 'Олена Коваленко', '+380501234567', 'olena@example.com', 5, 128500),
  ('cus00002-0000-0000-0000-000000000002', 'Максим Руденко', '+380671234567', NULL, 3, 45600),
  ('cus00003-0000-0000-0000-000000000003', 'Анна Вовк', '+380931234567', 'anna@example.com', 8, 234000),
  ('cus00004-0000-0000-0000-000000000004', 'Дмитро Сидоренко', '+380501112233', NULL, 2, 52000),
  ('cus00005-0000-0000-0000-000000000005', 'Наталія Кравчук', '+380632223344', 'natali@example.com', 1, 1200),
  ('cus00006-0000-0000-0000-000000000006', 'Петро Василенко', '+380504445566', NULL, 4, 87500),
  ('cus00007-0000-0000-0000-000000000007', 'Юлія Савченко', '+380957778899', 'yuliia@example.com', 6, 312000),
  ('cus00008-0000-0000-0000-000000000008', 'Олександр Гнатюк', '+380660001122', NULL, 1, 4500);

-- ============================================================
-- DEVICES (one row = one physical unit)
-- ============================================================
INSERT INTO devices (id, type, brand, model, storage, color, imei, price, cost_price, warranty_months, supplier_id, status) VALUES
  ('dev00001-0000-0000-0000-000000000001', 'phone', 'Apple', 'iPhone 15 Pro', '256GB', 'Natural Titanium', '357481093628491', 38500, 32000, 12, 'sup00001-0000-0000-0000-000000000001', 'in_stock'),
  ('dev00002-0000-0000-0000-000000000002', 'phone', 'Apple', 'iPhone 15 Pro', '128GB', 'Black Titanium', '357481093628492', 35500, 29500, 12, 'sup00001-0000-0000-0000-000000000001', 'in_stock'),
  ('dev00003-0000-0000-0000-000000000003', 'phone', 'Samsung', 'Galaxy S24 Ultra', '512GB', 'Titanium Gray', '358726184956201', 42900, 36000, 24, 'sup00001-0000-0000-0000-000000000001', 'in_stock'),
  ('dev00004-0000-0000-0000-000000000004', 'phone', 'Samsung', 'Galaxy S24', '256GB', 'Marble Gray', '358726184956202', 29900, 25000, 24, 'sup00001-0000-0000-0000-000000000001', 'sold'),
  ('dev00005-0000-0000-0000-000000000005', 'laptop', 'Apple', 'MacBook Air M3', '256GB', 'Midnight', NULL, 52000, 45000, 12, 'sup00001-0000-0000-0000-000000000001', 'in_stock'),
  ('dev00006-0000-0000-0000-000000000006', 'phone', 'Xiaomi', 'Redmi Note 13 Pro', '256GB', 'Midnight Black', '864392048561023', 12500, 10000, 12, 'sup00001-0000-0000-0000-000000000001', 'in_stock'),
  ('dev00007-0000-0000-0000-000000000007', 'tablet', 'Apple', 'iPad 10th Gen', '64GB', 'Blue', NULL, 18900, 15500, 12, 'sup00001-0000-0000-0000-000000000001', 'in_stock'),
  ('dev00008-0000-0000-0000-000000000008', 'phone', 'Apple', 'iPhone 14', '128GB', 'Product Red', '357481093628493', 26500, 22000, 12, 'sup00001-0000-0000-0000-000000000001', 'in_stock'),
  ('dev00009-0000-0000-0000-000000000009', 'watch', 'Apple', 'Watch Series 9', NULL, 'Midnight', NULL, 14500, 12000, 12, 'sup00001-0000-0000-0000-000000000001', 'in_stock'),
  ('dev00010-0000-0000-0000-000000000010', 'phone', 'Samsung', 'Galaxy A55', '256GB', 'Awesome Iceblue', '358726184956203', 15500, 13000, 24, 'sup00001-0000-0000-0000-000000000001', 'in_stock');

-- ============================================================
-- ACCESSORIES
-- ============================================================
INSERT INTO accessories (id, type, name, sku, price, cost_price, stock, min_stock, warranty_months, supplier_id) VALUES
  ('acc00001-0000-0000-0000-000000000001', 'case', 'Spigen Ultra Hybrid', 'SPG-UH-001', 850, 400, 12, 5, 6, 'sup00001-0000-0000-0000-000000000001'),
  ('acc00002-0000-0000-0000-000000000002', 'screen_protector', 'PanzerGlass Premium', 'PNZ-PG-001', 650, 250, 8, 10, 12, 'sup00001-0000-0000-0000-000000000001'),
  ('acc00003-0000-0000-0000-000000000003', 'charger', 'USB-C зарядка 20W', 'USB-C-20W', 550, 200, 0, 5, 6, 'sup00001-0000-0000-0000-000000000001'),
  ('acc00004-0000-0000-0000-000000000004', 'cable', 'Кабель USB-C 1m', 'CBL-USBC-1M', 450, 180, 15, 5, 6, 'sup00001-0000-0000-0000-000000000001'),
  ('acc00005-0000-0000-0000-000000000005', 'headphones', 'Samsung Buds FE', 'SAM-BUDS-FE', 2800, 1900, 3, 2, 12, 'sup00001-0000-0000-0000-000000000001'),
  ('acc00006-0000-0000-0000-000000000006', 'case', 'Apple Silicone Case', 'APL-SIL-001', 1900, 1200, 5, 3, 12, 'sup00001-0000-0000-0000-000000000001'),
  ('acc00007-0000-0000-0000-000000000007', 'screen_protector', 'ESR Glass', 'ESR-GL-001', 450, 150, 20, 10, 6, 'sup00001-0000-0000-0000-000000000001'),
  ('acc00008-0000-0000-0000-000000000008', 'charger', 'MagSafe Charger', 'APL-MG-001', 1500, 900, 2, 3, 12, 'sup00001-0000-0000-0000-000000000001');

-- ============================================================
-- PARTS (service parts for repairs)
-- ============================================================
INSERT INTO parts (id, name, part_number, type, compatible_with, cost_price, stock, min_stock, supplier_id) VALUES
  ('par00001-0000-0000-0000-000000000001', 'Дисплей iPhone 13', 'IP13-DISP', 'screen', 'iPhone 13', 1200, 4, 3, 'sup00002-0000-0000-0000-000000000002'),
  ('par00002-0000-0000-0000-000000000002', 'Батарея iPhone 13', 'IP13-BATT', 'battery', 'iPhone 13', 600, 3, 2, 'sup00002-0000-0000-0000-000000000002'),
  ('par00003-0000-0000-0000-000000000003', 'Дисплей Samsung A54', 'SA54-DISP', 'screen', 'Samsung A54', 900, 2, 2, 'sup00002-0000-0000-0000-000000000002'),
  ('par00004-0000-0000-0000-000000000004', 'Батарея iPad 9', 'IPD9-BATT', 'battery', 'iPad 9', 800, 1, 2, 'sup00002-0000-0000-0000-000000000002'),
  ('par00005-0000-0000-0000-000000000005', 'Зарядний порт USB-C', 'USB-C-PORT', 'charging_port', 'Samsung, Xiaomi', 350, 6, 3, 'sup00002-0000-0000-0000-000000000002'),
  ('par00006-0000-0000-0000-000000000006', 'Клавіатура MacBook Pro 14', 'MBP14-KEY', 'other', 'MacBook Pro 14', 2500, 1, 1, 'sup00002-0000-0000-0000-000000000002');

-- ============================================================
-- REPAIRS
-- ============================================================
INSERT INTO repairs (id, customer_id, device_name, device_imei, issue, status, price, cost, assigned_to, tracking_token) VALUES
  ('rep00001-0000-0000-0000-000000000001', 'cus00006-0000-0000-0000-000000000006', 'iPhone 13', '357481093628000', 'Заміна дисплея — розбитий екран, не реагує на дотик', 'ready', 2500, 1200, 'p0000000-0000-0000-0000-000000000001', 'R001'),
  ('rep00002-0000-0000-0000-000000000002', 'cus00005-0000-0000-0000-000000000005', 'Samsung A54', '358726184950000', 'Не заряджається — порт USB-C пошкоджено', 'in_progress', 1200, 350, 'p0000000-0000-0000-0000-000000000001', 'R002'),
  ('rep00003-0000-0000-0000-000000000003', 'cus00006-0000-0000-0000-000000000006', 'Xiaomi Redmi Note 12', '864392048560000', 'Не вмикається після падіння', 'awaiting_parts', 1800, 600, 'p0000000-0000-0000-0000-000000000001', 'R003'),
  ('rep00004-0000-0000-0000-000000000004', 'cus00007-0000-0000-0000-000000000007', 'iPad 9', NULL, 'Заміна батареї — тримає 20% заряду', 'in_progress', 2200, 800, 'p0000000-0000-0000-0000-000000000001', 'R004'),
  ('rep00005-0000-0000-0000-000000000005', 'cus00008-0000-0000-0000-000000000008', 'MacBook Pro 14', NULL, 'Заміна клавіатури — залипають клавіші', 'diagnostics', 4500, 0, 'p0000000-0000-0000-0000-000000000001', 'R005'),
  ('rep00006-0000-0000-0000-000000000006', 'cus00004-0000-0000-0000-000000000004', 'iPhone 15 Pro', '357481093629000', 'Тріснуло заднє скло', 'completed', 3500, 1500, 'p0000000-0000-0000-0000-000000000001', 'R006');

-- ============================================================
-- REPAIR STATUS LOG
-- ============================================================
INSERT INTO repair_status_log (id, repair_id, from_status, to_status, changed_by) VALUES
  ('rlg00001-0000-0000-0000-000000000001', 'rep00001-0000-0000-0000-000000000001', NULL, 'received', 'p0000000-0000-0000-0000-000000000001'),
  ('rlg00002-0000-0000-0000-000000000002', 'rep00001-0000-0000-0000-000000000001', 'received', 'diagnostics', 'p0000000-0000-0000-0000-000000000001'),
  ('rlg00003-0000-0000-0000-000000000003', 'rep00001-0000-0000-0000-000000000001', 'diagnostics', 'in_progress', 'p0000000-0000-0000-0000-000000000001'),
  ('rlg00004-0000-0000-0000-000000000004', 'rep00001-0000-0000-0000-000000000001', 'in_progress', 'ready', 'p0000000-0000-0000-0000-000000000001'),
  ('rlg00005-0000-0000-0000-000000000005', 'rep00002-0000-0000-0000-000000000002', NULL, 'received', 'p0000000-0000-0000-0000-000000000001'),
  ('rlg00006-0000-0000-0000-000000000006', 'rep00002-0000-0000-0000-000000000002', 'received', 'diagnostics', 'p0000000-0000-0000-0000-000000000001'),
  ('rlg00007-0000-0000-0000-000000000007', 'rep00002-0000-0000-0000-000000000002', 'diagnostics', 'in_progress', 'p0000000-0000-0000-0000-000000000001'),
  ('rlg00008-0000-0000-0000-000000000008', 'rep00003-0000-0000-0000-000000000003', NULL, 'received', 'p0000000-0000-0000-0000-000000000001'),
  ('rlg00009-0000-0000-0000-000000000009', 'rep00003-0000-0000-0000-000000000003', 'received', 'diagnostics', 'p0000000-0000-0000-0000-000000000001'),
  ('rlg00010-0000-0000-0000-000000000010', 'rep00003-0000-0000-0000-000000000003', 'diagnostics', 'awaiting_parts', 'p0000000-0000-0000-0000-000000000001'),
  ('rlg00011-0000-0000-0000-000000000011', 'rep00004-0000-0000-0000-000000000004', NULL, 'received', 'p0000000-0000-0000-0000-000000000001'),
  ('rlg00012-0000-0000-0000-000000000012', 'rep00004-0000-0000-0000-000000000004', 'received', 'in_progress', 'p0000000-0000-0000-0000-000000000001'),
  ('rlg00013-0000-0000-0000-000000000013', 'rep00005-0000-0000-0000-000000000005', NULL, 'received', 'p0000000-0000-0000-0000-000000000001'),
  ('rlg00014-0000-0000-0000-000000000014', 'rep00005-0000-0000-0000-000000000005', 'received', 'diagnostics', 'p0000000-0000-0000-0000-000000000001'),
  ('rlg00015-0000-0000-0000-000000000015', 'rep00006-0000-0000-0000-000000000006', NULL, 'received', 'p0000000-0000-0000-0000-000000000001'),
  ('rlg00016-0000-0000-0000-000000000016', 'rep00006-0000-0000-0000-000000000006', 'received', 'in_progress', 'p0000000-0000-0000-0000-000000000001'),
  ('rlg00017-0000-0000-0000-000000000017', 'rep00006-0000-0000-0000-000000000006', 'in_progress', 'completed', 'p0000000-0000-0000-0000-000000000001');

-- ============================================================
-- REPAIR PARTS
-- ============================================================
INSERT INTO repair_parts (id, repair_id, part_id, quantity, unit_cost) VALUES
  ('rpr00001-0000-0000-0000-000000000001', 'rep00001-0000-0000-0000-000000000001', 'par00001-0000-0000-0000-000000000001', 1, 1200),
  ('rpr00002-0000-0000-0000-000000000002', 'rep00002-0000-0000-0000-000000000002', 'par00005-0000-0000-0000-000000000005', 1, 350),
  ('rpr00003-0000-0000-0000-000000000003', 'rep00004-0000-0000-0000-000000000004', 'par00004-0000-0000-0000-000000000004', 1, 800),
  ('rpr00004-0000-0000-0000-000000000004', 'rep00006-0000-0000-0000-000000000006', 'par00001-0000-0000-0000-000000000001', 1, 1200);

-- ============================================================
-- SALES
-- ============================================================
INSERT INTO sales (id, customer_id, total_amount, discount, created_by) VALUES
  ('sal00001-0000-0000-0000-000000000001', 'cus00001-0000-0000-0000-000000000001', 38500, 0, 'p0000000-0000-0000-0000-000000000001'),
  ('sal00002-0000-0000-0000-000000000002', 'cus00002-0000-0000-0000-000000000002', 29900, 0, 'p0000000-0000-0000-0000-000000000001'),
  ('sal00003-0000-0000-0000-000000000003', 'cus00003-0000-0000-0000-000000000003', 52000, 1000, 'p0000000-0000-0000-0000-000000000001'),
  ('sal00004-0000-0000-0000-000000000004', 'cus00004-0000-0000-0000-000000000004', 18900, 0, 'p0000000-0000-0000-0000-000000000001'),
  ('sal00005-0000-0000-0000-000000000005', 'cus00007-0000-0000-0000-000000000007', 35500, 0, 'p0000000-0000-0000-0000-000000000001'),
  ('sal00006-0000-0000-0000-000000000006', 'cus00006-0000-0000-0000-000000000006', 2100, 0, 'p0000000-0000-0000-0000-000000000001');

-- ============================================================
-- SALE ITEMS
-- ============================================================
INSERT INTO sale_items (id, sale_id, item_type, item_id, quantity, unit_price, total_price) VALUES
  ('sit00001-0000-0000-0000-000000000001', 'sal00001-0000-0000-0000-000000000001', 'device', 'dev00004-0000-0000-0000-000000000004', 1, 38500, 38500),
  ('sit00002-0000-0000-0000-000000000002', 'sal00002-0000-0000-0000-000000000002', 'device', 'dev00004-0000-0000-0000-000000000004', 1, 29900, 29900),
  ('sit00003-0000-0000-0000-000000000003', 'sal00003-0000-0000-0000-000000000003', 'device', 'dev00005-0000-0000-0000-000000000005', 1, 52000, 52000),
  ('sit00004-0000-0000-0000-000000000004', 'sal00004-0000-0000-0000-000000000004', 'device', 'dev00007-0000-0000-0000-000000000007', 1, 18900, 18900),
  ('sit00005-0000-0000-0000-000000000005', 'sal00005-0000-0000-0000-000000000005', 'device', 'dev00002-0000-0000-0000-000000000002', 1, 35500, 35500),
  ('sit00006-0000-0000-0000-000000000006', 'sal00006-0000-0000-0000-000000000006', 'accessory', 'acc00004-0000-0000-0000-000000000004', 1, 450, 450),
  ('sit00007-0000-0000-0000-000000000007', 'sal00006-0000-0000-0000-000000000006', 'accessory', 'acc00001-0000-0000-0000-000000000001', 1, 850, 850),
  ('sit00008-0000-0000-0000-000000000008', 'sal00006-0000-0000-0000-000000000006', 'accessory', 'acc00004-0000-0000-0000-000000000004', 1, 800, 800);

-- ============================================================
-- PAYMENT SPLITS
-- ============================================================
DO $$
DECLARE
  cash_tech UUID := (SELECT id FROM cash_registers WHERE type = 'tech');
  cash_accessories UUID := (SELECT id FROM cash_registers WHERE type = 'accessories');
BEGIN
  INSERT INTO payment_splits (id, sale_id, amount, method, cash_register_id) VALUES
    ('psy00001-0000-0000-0000-000000000001', 'sal00001-0000-0000-0000-000000000001', 20000, 'cash', cash_tech),
    ('psy00002-0000-0000-0000-000000000002', 'sal00001-0000-0000-0000-000000000001', 18500, 'card', cash_tech),
    ('psy00003-0000-0000-0000-000000000003', 'sal00002-0000-0000-0000-000000000002', 29900, 'cash', cash_tech),
    ('psy00004-0000-0000-0000-000000000004', 'sal00003-0000-0000-0000-000000000003', 26000, 'card', cash_tech),
    ('psy00005-0000-0000-0000-000000000005', 'sal00003-0000-0000-0000-000000000003', 25000, 'transfer', cash_tech),
    ('psy00006-0000-0000-0000-000000000006', 'sal00004-0000-0000-0000-000000000004', 18900, 'card', cash_tech),
    ('psy00007-0000-0000-0000-000000000007', 'sal00005-0000-0000-0000-000000000005', 35500, 'cash', cash_tech),
    ('psy00008-0000-0000-0000-000000000008', 'sal00006-0000-0000-0000-000000000006', 1300, 'cash', cash_accessories),
    ('psy00009-0000-0000-0000-000000000009', 'sal00006-0000-0000-0000-000000000006', 800, 'card', cash_accessories);
END $$;

-- ============================================================
-- PURCHASES
-- ============================================================
INSERT INTO purchases (id, supplier_id, total_amount, status, paid_from_safe_id, created_by, paid_at, received_at) VALUES
  ('pur00001-0000-0000-0000-000000000001', 'sup00001-0000-0000-0000-000000000001', 250000, 'received', (SELECT id FROM safes WHERE type = 'opex'), 'p0000000-0000-0000-0000-000000000001', NOW() - INTERVAL '5 days', NOW() - INTERVAL '3 days'),
  ('pur00002-0000-0000-0000-000000000002', 'sup00002-0000-0000-0000-000000000002', 35000, 'received', (SELECT id FROM safes WHERE type = 'opex'), 'p0000000-0000-0000-0000-000000000001', NOW() - INTERVAL '2 days', NOW() - INTERVAL '1 day'),
  ('pur00003-0000-0000-0000-000000000003', 'sup00001-0000-0000-0000-000000000001', 120000, 'paid', (SELECT id FROM safes WHERE type = 'opex'), 'p0000000-0000-0000-0000-000000000001', NOW(), NULL);

-- ============================================================
-- PURCHASE ITEMS
-- ============================================================
INSERT INTO purchase_items (id, purchase_id, item_type, item_id, quantity, unit_price, total_price) VALUES
  ('pit00001-0000-0000-0000-000000000001', 'pur00001-0000-0000-0000-000000000001', 'device', 'dev00001-0000-0000-0000-000000000001', 1, 32000, 32000),
  ('pit00002-0000-0000-0000-000000000002', 'pur00001-0000-0000-0000-000000000001', 'device', 'dev00002-0000-0000-0000-000000000002', 1, 29500, 29500),
  ('pit00003-0000-0000-0000-000000000003', 'pur00001-0000-0000-0000-000000000001', 'device', 'dev00003-0000-0000-0000-000000000003', 1, 36000, 36000),
  ('pit00004-0000-0000-0000-000000000004', 'pur00001-0000-0000-0000-000000000001', 'device', 'dev00005-0000-0000-0000-000000000005', 1, 45000, 45000),
  ('pit00005-0000-0000-0000-000000000005', 'pur00001-0000-0000-0000-000000000001', 'accessory', 'acc00001-0000-0000-0000-000000000001', 10, 400, 4000),
  ('pit00006-0000-0000-0000-000000000006', 'pur00001-0000-0000-0000-000000000001', 'accessory', 'acc00002-0000-0000-0000-000000000002', 15, 250, 3750),
  ('pit00007-0000-0000-0000-000000000007', 'pur00002-0000-0000-0000-000000000002', 'part', 'par00001-0000-0000-0000-000000000001', 5, 1200, 6000),
  ('pit00008-0000-0000-0000-000000000008', 'pur00002-0000-0000-0000-000000000002', 'part', 'par00002-0000-0000-0000-000000000002', 3, 600, 1800),
  ('pit00009-0000-0000-0000-000000000009', 'pur00002-0000-0000-0000-000000000002', 'part', 'par00003-0000-0000-0000-000000000003', 3, 900, 2700),
  ('pit00010-0000-0000-0000-000000000010', 'pur00002-0000-0000-0000-000000000002', 'part', 'par00004-0000-0000-0000-000000000004', 2, 800, 1600),
  ('pit00011-0000-0000-0000-000000000011', 'pur00003-0000-0000-0000-000000000003', 'device', NULL, 3, 40000, 120000);

-- ============================================================
-- INVENTORY MOVEMENTS
-- ============================================================
INSERT INTO inventory_movements (id, item_type, item_id, quantity_change, reason, reference_id, created_by) VALUES
  ('inv00001-0000-0000-0000-000000000001', 'device', 'dev00001-0000-0000-0000-000000000001', 1, 'purchase', 'pur00001-0000-0000-0000-000000000001', 'p0000000-0000-0000-0000-000000000001'),
  ('inv00002-0000-0000-0000-000000000002', 'device', 'dev00002-0000-0000-0000-000000000002', 1, 'purchase', 'pur00001-0000-0000-0000-000000000001', 'p0000000-0000-0000-0000-000000000001'),
  ('inv00003-0000-0000-0000-000000000003', 'device', 'dev00003-0000-0000-0000-000000000003', 1, 'purchase', 'pur00001-0000-0000-0000-000000000001', 'p0000000-0000-0000-0000-000000000001'),
  ('inv00004-0000-0000-0000-000000000004', 'accessory', 'acc00001-0000-0000-0000-000000000001', 12, 'purchase', 'pur00001-0000-0000-0000-000000000001', 'p0000000-0000-0000-0000-000000000001'),
  ('inv00005-0000-0000-0000-000000000005', 'device', 'dev00004-0000-0000-0000-000000000004', -1, 'sale', 'sal00002-0000-0000-0000-000000000002', 'p0000000-0000-0000-0000-000000000001'),
  ('inv00006-0000-0000-0000-000000000006', 'part', 'par00001-0000-0000-0000-000000000001', -1, 'repair', 'rep00001-0000-0000-0000-000000000001', 'p0000000-0000-0000-0000-000000000001'),
  ('inv00007-0000-0000-0000-000000000007', 'part', 'par00005-0000-0000-0000-000000000005', -1, 'repair', 'rep00002-0000-0000-0000-000000000002', 'p0000000-0000-0000-0000-000000000001');

-- ============================================================
-- TRANSACTIONS (financial ledger)
-- ============================================================
DO $$
DECLARE
  cr_tech UUID := (SELECT id FROM cash_registers WHERE type = 'tech');
  cr_acc UUID := (SELECT id FROM cash_registers WHERE type = 'accessories');
  cr_rep UUID := (SELECT id FROM cash_registers WHERE type = 'repairs');
  sf_opex UUID := (SELECT id FROM safes WHERE type = 'opex');
  sf_growth UUID := (SELECT id FROM safes WHERE type = 'growth');
  sf_profit UUID := (SELECT id FROM safes WHERE type = 'net_profit');
BEGIN
  INSERT INTO transactions (id, amount, from_type, to_type, to_id, reference_type, reference_id, description, created_by) VALUES
    -- Sale payments into cash registers
    ('trn00001-0000-0000-0000-000000000001', 38500, 'customer', 'cash_register', cr_tech, 'sale', 'sal00001-0000-0000-0000-000000000001', 'iPhone 15 Pro — Олена К.', 'p0000000-0000-0000-0000-000000000001'),
    ('trn00002-0000-0000-0000-000000000002', 29900, 'customer', 'cash_register', cr_tech, 'sale', 'sal00002-0000-0000-0000-000000000002', 'Galaxy S24 — Максим Р.', 'p0000000-0000-0000-0000-000000000001'),
    ('trn00003-0000-0000-0000-000000000003', 51000, 'customer', 'cash_register', cr_tech, 'sale', 'sal00003-0000-0000-0000-000000000003', 'MacBook Air M3 — Анна В.', 'p0000000-0000-0000-0000-000000000001'),
    ('trn00004-0000-0000-0000-000000000004', 18900, 'customer', 'cash_register', cr_tech, 'sale', 'sal00004-0000-0000-0000-000000000004', 'iPad 10th Gen — Дмитро С.', 'p0000000-0000-0000-0000-000000000001'),
    -- Distribution from cash register to safes (40/30/30)
    ('trn00005-0000-0000-0000-000000000005', 16000, 'cash_register', 'safe', sf_opex, 'distribution', NULL, 'Розподіл 40% з каси техніки', 'p0000000-0000-0000-0000-000000000001'),
    ('trn00006-0000-0000-0000-000000000006', 12000, 'cash_register', 'safe', sf_growth, 'distribution', NULL, 'Розподіл 30% з каси техніки', 'p0000000-0000-0000-0000-000000000001'),
    ('trn00007-0000-0000-0000-000000000007', 12000, 'cash_register', 'safe', sf_profit, 'distribution', NULL, 'Розподіл 30% з каси техніки', 'p0000000-0000-0000-0000-000000000001'),
    -- Purchase expenses
    ('trn00008-0000-0000-0000-000000000008', 250000, 'safe', 'supplier', sf_opex, 'purchase', 'pur00001-0000-0000-0000-000000000001', 'Закуп техніки у ABC Distribution', 'p0000000-0000-0000-0000-000000000001'),
    ('trn00009-0000-0000-0000-000000000009', 12100, 'safe', 'supplier', sf_opex, 'purchase', 'pur00002-0000-0000-0000-000000000002', 'Закуп запчастин у TechParts', 'p0000000-0000-0000-0000-000000000002');
END $$;

-- ============================================================
-- SERVICES
-- ============================================================
INSERT INTO services (id, name, description, price, category) VALUES
  ('srv00001-0000-0000-0000-000000000001', 'Прошивка / Оновлення ПЗ', 'Оновлення прошивки, перепрошивка, видалення облікового запису', 500, 'software'),
  ('srv00002-0000-0000-0000-000000000002', 'Налаштування пристрою', 'Початкове налаштування, перенесення даних, вхід в облікові записи', 400, 'setup'),
  ('srv00003-0000-0000-0000-000000000003', 'Чистка динаміків', 'Ультразвукова чистка динаміків та роз'ємів', 300, 'cleaning'),
  ('srv00004-0000-0000-0000-000000000004', 'Чистка від води', 'Волого-видалення, ультразвукова ванна, заміна індикаторів', 800, 'cleaning'),
  ('srv00005-0000-0000-0000-000000000005', 'Діагностика', 'Повна апаратна діагностика пристрою', 300, 'diagnostics'),
  ('srv00006-0000-0000-0000-000000000006', 'Резервне копіювання', 'Створення резервної копії даних', 350, 'software');

-- ============================================================
-- EXPENSES
-- ============================================================
INSERT INTO expenses (id, category_id, amount, paid_from_safe_id, description, paid_at, created_by) VALUES
  ('exp00001-0000-0000-0000-000000000001', (SELECT id FROM expense_categories WHERE name = 'Оренда'), 15000, (SELECT id FROM safes WHERE type = 'opex'), 'Оренда приміщення за червень', NOW() - INTERVAL '3 days', 'p0000000-0000-0000-0000-000000000001'),
  ('exp00002-0000-0000-0000-000000000002', (SELECT id FROM expense_categories WHERE name = 'Комунальні'), 3200, (SELECT id FROM safes WHERE type = 'opex'), 'Електроенергія + інтернет', NOW() - INTERVAL '5 days', 'p0000000-0000-0000-0000-000000000001'),
  ('exp00003-0000-0000-0000-000000000003', (SELECT id FROM expense_categories WHERE name = 'Маркетинг'), 5000, (SELECT id FROM safes WHERE type = 'growth'), 'Instagram реклама', NOW() - INTERVAL '7 days', 'p0000000-0000-0000-0000-000000000001');
